{"cameraMode":{"drawMode":0,"name":"Shaded","section":"Shading Mode"},"sceneLighting":true,"audioPlay":false,"sceneViewState":{"showFog":false,"showMaterialUpdate":false,"showSkybox":false,"showFlares":false,"showImageEffects":false,"showParticleSystems":false},"in2DMode":false,"pivot":{"x":50.001922607421878,"y":0.5887947082519531,"z":50.00174331665039},"rotation":{"x":0.055221859365701678,"y":-0.889255702495575,"z":0.11156836897134781,"w":0.44014474749565127},"size":44.366661071777347,"orthographic":false}