{"cameraMode":{"drawMode":0,"name":"Shaded","section":"Shading Mode"},"sceneLighting":false,"audioPlay":false,"sceneViewState":{"showFog":false,"showMaterialUpdate":false,"showSkybox":false,"showFlares":false,"showImageEffects":false,"showParticleSystems":false},"in2DMode":false,"pivot":{"x":59.747406005859378,"y":4.60972785949707,"z":56.39459991455078},"rotation":{"x":-0.20921501517295838,"y":-0.5352361798286438,"z":0.13884301483631135,"w":-0.8065196871757507},"size":57.15767288208008,"orthographic":false}